Symbol,Name,Market Cap,P/E ttm,EPS ttm,Net Income(a),Beta,Dividend(a),Div Yield
A,Agilent Technologies,30846822000,31.04,3.19,1071000000,1.12,0.72,0.72%
AAL,American Airlines Gp,6911345000,0,-7.9,1686000000,1.63,0,0.00%
AAP,Advance Auto Parts Inc,10700642000,20.44,7.57,486900000,1.31,1,0.65%
AAPL,Apple Inc,2.13452E+12,38.03,13.15,55256000000,1.22,3.28,0.66%
ABBV,Abbvie Inc,1.66194E+11,10.14,9.3,7882000000,0.83,4.72,5.01%
ABC,Amerisourcebergen Corp,19914052000,12.88,7.62,855370000,0.6,1.68,1.72%
ABMD,Abiomed Inc,13651044000,83.63,3.72,203010000,0.99,0,0.00%
ABT,Abbott Laboratories,1.96157E+11,36.97,3.01,3687000000,0.99,1.44,1.30%
ACN,Accenture Plc,1.54732E+11,31.53,7.64,4779110000,1.06,3.2,1.32%
ADBE,Adobe Systems Inc,2.47718E+11,66.45,7.68,2951460000,0.91,0,0.00%
ADI,Analog Devices,44144872000,25.55,4.66,1363010000,1.3,2.48,2.07%
ADM,Archer Daniels Midland,24948550000,12.15,3.68,1379000000,0.95,1.44,3.21%
ADP,Automatic Data Procs,60771248000,23.82,5.92,2466500000,0.75,3.64,2.58%
ADSK,Autodesk Inc,54227144000,122.17,1.69,214500000,1.56,0,0.00%
AEE,Ameren Corp,19435314000,23.08,3.42,828000000,0.3,1.98,2.52%
AEP,American Electric Power Company,38873744000,18.84,4.16,1921100000,0.38,2.8,3.57%
AES,The Aes Corp,11905844000,13.07,1.37,303000000,1,0.57,3.20%
AFL,Aflac Incorporated,26470422000,7.88,4.68,3304000000,0.86,1.12,3.02%
AIG,American International Group,25300318000,12.58,2.36,3348000000,1.44,1.28,4.36%
AIV,Apartment Investment and Management,5415709000,13.95,1.21,474080000,0.84,1.64,4.51%
AIZ,Assurant Inc,7317616000,13.25,9.33,382600000,0.55,2.52,2.05%
AJG,Arthur J. Gallagher & Company,20113818000,25.54,4.15,668800000,0.77,1.8,1.71%
AKAM,Akamai Technologies,18813578000,29.25,3.9,478040000,0.34,0,0.00%
ALB,Albemarle Corp,9818971000,17.8,5.12,533230000,1.46,1.54,1.67%
ALGN,Align Technology,23681796000,14.22,21.5,442780000,1.99,0,0.00%
ALK,Alaska Air Group,5035857000,0,-0.27,769000000,1.44,0,0.00%
ALL,Allstate Corp,29451400000,7.86,11.97,4847000000,0.84,2.16,2.29%
ALLE,Allegion Plc,9592232000,21.92,4.71,401800000,1.14,1.28,1.23%
ALXN,Alexion Pharm Inc,23449320000,9.69,10.95,2404300000,1.39,0,0.00%
AMAT,Applied Materials,57600760000,16.63,3.73,2706000000,1.4,0.88,1.40%
AMCR,Amcor Plc,18045528000,0,0.45,613000000,0.86,0.46,4.09%
AMD,Adv Micro Devices,1.00441E+11,123.24,0.68,341000000,2.29,0,0.00%
AME,Amtek Inc,23406188000,25.23,4,861300000,1.24,0.72,0.71%
AMGN,Amgen Inc,1.48251E+11,16.08,15.72,7842000000,0.92,6.4,2.53%
AMP,Ameriprise Financial Services,19109540000,9.65,16.49,1893000000,1.83,4.16,2.62%
AMT,American Tower Corp,1.1071E+11,30.46,4.31,1887800000,0.44,4.4,1.76%
AMZN,Amazon.com Inc,1.70393E+12,130.72,26.01,11588000000,1.32,0,0.00%
ANET,Arista Networks Inc,16880812000,27.95,7.95,859870000,1.22,0,0.00%
ANSS,Ansys Inc,28886016000,67.96,4.89,451300000,1.22,0,0.00%
ANTM,Anthem Inc,69737584000,11.24,24.43,4807000000,0.95,3.8,1.37%
AON,AON Plc,46355480000,20.75,9.62,1532000000,0.89,1.76,0.88%
AOS,Smith [A.O.] Corp,7967346000,26.45,1.86,370000000,1.27,0.96,1.94%
APA,Apache Corp,5678871000,0,-1.08,-3553000000,4.66,0.1,0.66%
APD,Air Products and Chemicals,65552504000,34.6,8.46,1760000000,0.91,5.36,1.81%
APH,Amphenol Corp,32755828000,31.33,3.45,1155000000,1.29,1,0.91%
APTV,Aptiv Plc,23559680000,42.67,2,990000000,2.22,0,0.00%
ARE,Alexandria Real Estate Equities,21402976000,23.85,3.26,363170000,0.85,4.24,2.50%
ATO,Atmos Energy Corp,12283691000,21.06,4.7,511410000,0.31,2.3,2.31%
ATVI,Activision Blizzard,64227472000,28.44,2.95,1503000000,0.63,0.41,0.49%
AVB,Avalonbay Communities,22465558000,16.87,5.6,785970000,0.79,6.36,3.98%
AVGO,Broadcom Ltd,1.38681E+11,20.19,16.8,2724000000,0.89,13,3.77%
AVY,Avery Dennison Corp,9863538000,18.4,6.32,303600000,1.15,2.32,1.96%
AWK,American Water Works,25511710000,38.21,3.7,621000000,0.24,2.2,1.56%
AXP,American Express Company,82561208000,15.91,6.38,6759000000,1.09,1.72,1.68%
AZO,Autozone,27768318000,18.78,63.67,1617220000,0.91,0,0.00%
BA,Boeing Company,99230128000,0,-7.37,-636000000,1.37,0,0.00%
BAC,Bank of America Corp,2.27866E+11,11.53,2.26,27430000000,1.57,0.72,2.74%
BAX,Baxter International Inc,43551140000,0,2.43,1001000000,0.82,0.98,1.14%
BBY,Best Buy Company,28642058000,17.35,5.78,1541000000,1.5,2.2,1.98%
BDX,Becton Dickinson and Company,70380192000,23.02,10.71,1233000000,0.98,3.16,1.30%
BEN,Franklin Resources,10565965000,8,2.67,1195700000,1.26,1.08,5.06%
BF.B,Brown Forman Inc Cl B,35198244000,42.14,1.73,827000000,0.78,0.7,0.95%
BIIB,Biogen Inc,44558776000,7.57,36.91,5888500000,0.56,0,0.00%
BIO,Bio-Rad Laboratories,14804569000,66.73,7.45,1758680000,1.12,0,0.00%
BK,Bank of New York Mellon Corp,33272978000,9.07,4.14,4441000000,1.05,1.24,3.30%
BKNG,Booking Holdings Inc,79656048000,30.73,61.62,4865000000,1.03,0,0.00%
BKR,Baker Hughes A Ge Co. Cl A,15299545000,27.28,0.54,128000000,1.71,0.72,4.86%
BLK,Blackrock,91652032000,19.87,29.94,4476000000,1.27,14.52,2.42%
BLL,Ball Corp,26213530000,29.72,2.67,566000000,0.52,0.6,0.75%
BMY,Bristol-Myers Squibb Company,1.41124E+11,10.89,5.74,3439000000,0.72,1.8,2.89%
BR,Broadridge Financial Solutions Llc,15946482000,27.6,5.03,462500000,0.88,2.16,1.56%
BRK.B,Berkshire Hathaway Cl B,5.21945E+11,22.33,9.71,81417000000,0.76,0,0.00%
BSX,Boston Scientific Corp,58700596000,33.7,1.21,4700000000,0.95,0,0.00%
BWA,Borgwarner Inc,8586532000,14.77,2.76,746000000,1.74,0.68,1.64%
BXP,Boston Properties,13842089000,12.9,6.52,521530000,1.01,3.92,4.41%
C,Citigroup Inc,1.0884E+11,9.51,5.44,19401000000,1.78,2.04,3.90%
CAG,Conagra Brands Inc,18640398000,17,2.28,840100000,0.86,0.85,2.23%
CAH,Cardinal Health,14768422000,9.3,5.45,-3696000000,0.99,1.94,3.85%
CARR,Carrier Global Corporation [Carr/I],26244798000,0,0.68,2116000000,N/A,0.32,1.06%
CAT,Caterpillar Inc,77776656000,18.1,7.92,6093000000,1.11,4.12,2.87%
CB,Chubb Ltd,57048152000,17.99,7.1,4454000000,0.69,3.12,2.47%
CBOE,CBOE Global Markets Inc,9978547000,16.92,5.46,374400000,0.46,1.68,1.83%
CBRE,CBRE Group Inc,16043052000,14.75,3.21,1282360000,1.68,0,0.00%
CCI,Crown Castle International Corp,68737424000,28.18,1.8,860000000,0.34,4.8,2.93%
CCL,Carnival Corp,10337410000,94.82,0.17,2989000000,1.85,0,0.00%
CDNS,Cadence Design Sys,30907102000,30.13,3.63,988980000,1.12,0,0.00%
CDW,CDW Corp,16455555000,18.43,6.23,736800000,1.16,1.52,1.32%
CE,Celanese Corp,12295166000,12.7,8.11,852000000,1.4,2.48,2.39%
CERN,Cerner Corp,22231810000,30.52,2.4,529450000,0.86,0.72,0.99%
CF,Cf Industries Holdings,7102955000,19.1,1.74,493000000,1.13,1.2,3.61%
CFG,Citizens Financial Group Inc/Ri,11221335000,9.97,2.61,1791000000,1.82,1.56,5.93%
CHD,Church & Dwight Company,23472382000,34.2,2.81,615900000,0.4,0.96,1.01%
CHRW,C.H. Robinson Ww,13311074000,28.65,3.43,576970000,0.64,2.04,2.07%
CHTR,Charter Communicatio,1.26144E+11,57.41,10.7,1668000000,1.05,0,0.00%
CI,Cigna Corp,66518456000,9.15,19.35,5104000000,0.67,0.04,0.02%
CINF,Cincinnati Financial,12931054000,22.41,3.59,1997000000,0.58,2.4,2.99%
CL,Colgate-Palmolive Company,68051840000,26.98,2.93,2367000000,0.61,1.76,2.22%
CLX,Clorox Company,27404844000,30.03,7.35,939000000,0.28,4.44,2.04%
CMA,Comerica Inc,5587978000,9.73,4.12,1198000000,1.83,2.72,6.77%
CMCSA,Comcast Corp A,2.03555E+11,14.95,2.98,13057000000,0.99,0.92,2.06%
CME,CME Group Inc,63328408000,23.91,7.38,2116500000,0.3,3.4,1.92%
CMG,Chipotle Mexican Grill,36400632000,125.95,10.16,350160000,1.21,0,0.00%
CMI,Cummins Inc,30822936000,18.03,11.52,2260000000,1.17,5.24,2.51%
CMS,Cms Energy Corp,17191174000,21.64,2.76,680000000,0.21,1.63,2.71%
CNC,Centene Corp,35046344000,12.22,4.95,1321000000,0.73,0,0.00%
CNP,Centerpoint Energy Inc,10869139000,11.69,1.69,791000000,0.94,0.6,3.01%
COF,Capital One Financial Corp,32480518000,58.99,1.18,5546000000,1.73,0.4,0.56%
COG,Cabot Oil & Gas Corp,7553091000,27.24,0.7,681070000,0.26,0.4,2.11%
COO,Cooper Companies,16847362000,29.12,10.73,466700000,0.89,0.06,0.02%
COP,Conocophillips,41159676000,34.37,1.11,7189000000,1.64,1.68,4.38%
COST,Costco Wholesale,1.53814E+11,41.18,8.41,3659000000,0.69,2.8,0.80%
COTY,Coty Inc,2831071000,0,0.42,-3784200000,0.97,0,0.00%
CPB,Campbell Soup Company,15754831000,19.38,2.75,211000000,0.41,1.4,2.69%
CPRT,Copart Inc,24435692000,41.56,2.48,591690000,1.14,0,0.00%
CRM,Salesforce.com Inc,2.44261E+11,184.21,0.81,126000000,1.07,0,0.00%
CSCO,Cisco Systems Inc,1.78181E+11,14.48,2.92,11214000000,0.96,1.44,3.41%
CSX,CSX Corp,58962636000,20.48,3.72,3331000000,1.21,1.04,1.35%
CTAS,Cintas Corp,34556248000,40.59,8.1,876040000,1.46,2.55,0.76%
CTL,Centurylink,12061942000,7.93,1.43,-5269000000,0.93,1,9.10%
CTSH,Cognizant Tech Sol,36704296000,17.15,3.93,1842000000,1.21,0.88,1.30%
CTVA,Corteva Inc,22097758000,19.14,1.53,-959000000,0.93,0.52,1.76%
CTXS,Citrix Systems Inc,17792312000,29.57,4.81,681810000,0.31,1.4,0.97%
CVS,CVS Corp,82723112000,7.81,8.12,6634000000,0.73,2,3.16%
CVX,Chevron Corp,1.59894E+11,30.54,2.78,2924000000,1.24,5.16,6.03%
CXO,Concho Resources Inc,10279908000,14.85,3.49,-705000000,1.82,0.8,1.53%
D,Dominion Resources,65547404000,18.27,4.27,1358000000,0.4,3.76,4.82%
DAL,Delta Air Lines Inc,20405044000,0,-0.92,4767000000,1.17,0,0.00%
DD,Du Pont De.Nemours Inc,41960284000,16.4,3.45,498000000,1.73,1.2,2.10%
DE,Deere & Company,65669104000,24.83,8.45,3253000000,0.98,3.04,1.45%
DFS,Discover Financial Services,16623339000,17,3.16,2957000000,1.84,1.76,3.24%
DG,Dollar General Corp,50442568000,21.88,7.82,1712560000,0.52,1.44,0.72%
DGX,Quest Diagnostics Inc,14874056000,19,5.79,858000000,1.4,2.24,2.02%
DHI,D.R. Horton,26128422000,13.53,5.36,1618500000,1.65,0.7,0.97%
DHR,Danaher Corp,1.45883E+11,41.46,4.93,3008200000,0.95,0.72,0.35%
DIS,Walt Disney Company,2.44929E+11,40.77,3.28,11054000000,1.1,0,0.00%
DISCA,Discovery Comm A,11595086000,6.55,3.49,2069000000,1.48,0,0.00%
DISCK,Discovery Comm Inc,10482465000,5.91,3.49,2069000000,1.47,0,0.00%
DISH,Dish Network Corp,18291120000,15.36,2.26,1399510000,1.7,0,0.00%
DLR,Digital Realty Trust,41503236000,24.17,3.48,579760000,0.24,4.48,2.90%
DLTR,Dollar Tree Inc,22472988000,19.31,4.83,827000000,0.62,0,0.00%
DOV,Dover Corp,16035379000,19.7,5.66,677920000,1.39,1.96,1.76%
DOW,Dow Inc,34128620000,22.85,2.02,-1359000000,1.89,2.8,6.08%
DPZ,Domino's Pizza Inc,16367565000,37.04,11.24,400710000,0.38,3.12,0.75%
DRE,Duke Realty Corp,14333339000,26.67,1.01,428970000,0.67,0.94,2.43%
DRI,Darden Restaurants,11672275000,27.14,3.16,-52400000,1.31,0,0.00%
DTE,Dte Energy Company,22705848000,18.14,6.45,1169000000,0.6,4.05,3.44%
DUK,Duke Energy Corp,58621284000,16.17,4.92,3748000000,0.32,3.86,4.84%
DVA,Davita Healthcare Partners Inc,10605724000,12.13,7.17,810980000,1.23,0,0.00%
DVN,Devon Energy Corp,4249080000,19.93,0.54,-355000000,3.27,0.44,3.96%
DXC,Dxc Technology Company,5226249000,4.89,4.04,-5369000000,2.35,0,0.00%
DXCM,Dexcom,40111108000,141.17,3.03,101100000,0.79,0,0.00%
EA,Electronic Arts Inc,40682832000,26.3,5.39,3039000000,0.94,0,0.00%
EBAY,Ebay Inc,37982540000,20.04,2.81,1786000000,1.38,0.64,1.18%
ECL,Ecolab Inc,57219696000,38.38,5.15,1558900000,0.95,1.88,0.94%
ED,Consolidated Edison Company of New York,23722528000,16.38,4.34,1343000000,0.2,3.06,4.31%
EFX,Equifax Inc,20449716000,27.65,6.01,-398800000,1.15,1.56,0.93%
EIX,Edison International,19731788000,12.59,4.11,1405000000,0.48,2.55,4.89%
EL,Estee Lauder Companies,80254352000,52.78,4.1,684000000,0.78,0,0.00%
EMN,Eastman Chemical Company,10074101000,11.84,6.24,759000000,1.66,2.64,3.55%
EMR,Emerson Electric Company,42219876000,20.29,3.43,2306000000,1.48,2,2.83%
EOG,Eog Resources,26905496000,16.05,2.8,2734910000,1.93,1.5,3.25%
EQIX,Equinix Inc,69696128000,33.47,5.77,507450000,0.44,10.64,1.35%
EQR,Equity Residential,21227136000,15.95,3.01,970380000,0.56,2.41,4.23%
ES,Eversource Energy,29047964000,23.94,3.52,909050000,0.35,2.27,2.68%
ESS,Essex Property Trust,14387932000,16.12,9.51,439290000,0.64,8.31,3.77%
ETFC,E*Trade Finl Corp,12082896000,15.06,3.62,955000000,1.25,0.56,1.02%
ETN,Eaton Corp,41414352000,21.81,4.68,2211000000,1.15,2.92,2.82%
ETR,Entergy Corp,19812878000,17.03,5.71,1258240000,0.59,3.72,3.76%
EVRG,Evergy Inc,12017348000,17.76,2.98,669900000,0.49,2.02,3.81%
EW,Edwards Lifesciences Corp,52431420000,46.5,1.8,1046900000,0.88,0,0.00%
EXC,Exelon Corp,36095632000,11.64,3.17,2936000000,0.44,1.53,4.13%
EXPD,Expeditors Intl,14901531000,24.79,3.53,590400000,0.79,1.04,1.17%
EXPE,Expedia Group Inc,14248392000,0,-2.62,565000000,1.53,0,0.00%
EXR,Extra Space Storage Inc,13776932000,21.39,3.32,419970000,0.21,3.6,3.37%
F,Ford Motor Company,27610020000,0,-0.12,47000000,1.33,0,0.00%
FANG,Diamondback Energy,6335056000,7.95,5,240000000,2.16,1.5,3.74%
FAST,Fastenal Company,28015892000,33.34,1.45,790900000,1.22,1,2.05%
FB,Facebook Inc,8.36583E+11,35.8,8.19,18485000000,1.2,0,0.00%
FBHS,Fortune Brands Home & Security,11799221000,22.94,3.7,431900000,1.72,0.96,1.12%
FCX,Freeport-Mcmoran Inc,22727228000,0,-0.12,-239000000,2.31,0.1,0.64%
FDX,Fedex Corp,58137136000,22.97,9.5,1286000000,1.38,2.6,1.17%
FE,Firstenergy Corp,15347134000,11.06,2.54,912000000,0.31,1.56,5.51%
FFIV,F5 Networks Inc,7969007000,18.45,6.98,427730000,1.05,0,0.00%
FIS,Fidelity National Information Services,94470872000,27.85,5.43,298000000,0.68,1.4,0.92%
FISV,Fiserv Inc,67072152000,24.32,4.07,893000000,0.82,0,0.00%
FITB,Fifth Third Bncp,15035409000,11.26,1.86,2512000000,1.7,1.08,5.12%
FLIR,Flir Systems Inc,4776775000,16.4,2.2,171600000,1.55,0.68,1.87%
FLS,Flowserve Corp,3973785000,14.95,1.99,253670000,1.78,0.8,2.62%
FLT,Fleetcor Technologies,21433260000,22.4,11.07,895070000,1.47,0,0.00%
FMC,FMC Corp,14142129000,17.48,6.26,477400000,1.25,1.76,1.61%
FOX,Fox Corp Cl B,16884816000,11.15,2.48,999000000,1.48,0.46,1.65%
FOXA,Fox Corp Cl A,16821316000,11.12,2.48,999000000,1.38,0.46,1.65%
FRC,First Republic Bank,19746064000,21.67,5.3,930330000,1.18,0.8,0.70%
FRT,Federal Realty Investment Trust,6085157000,14.97,3.57,353870000,0.85,4.2,5.22%
FTI,Technipfmc Plc,3494891000,58.46,0.13,-2415200000,1.99,0,0.00%
FTNT,Fortinet Inc,21157918000,62,2.13,326500000,0.97,0,0.00%
FTV,Fortive Corp,24548882000,21.34,3.32,738900000,1.23,0.28,0.38%
GD,General Dynamics Corp,43691140000,13.54,11.26,3484000000,1.02,4.4,2.89%
GE,General Electric Company,57859240000,24.92,0.26,-4978000000,0.89,0.04,0.61%
GILD,Gilead Sciences Inc,81818032000,11.83,5.54,5386000000,0.64,2.72,4.17%
GIS,General Mills,38726092000,17.93,3.61,2181200000,0.6,1.96,3.09%
GL,Globe Life Inc,9034432000,12.49,6.81,760790000,1.11,0.75,0.88%
GLW,Corning Inc,24879604000,23.8,1.35,960000000,1.16,0.88,2.69%
GM,General Motors Company,42961536000,15.71,1.89,6732000000,1.37,0,0.00%
GOOG,Alphabet Cl C,1.11847E+12,35.94,45.47,34343000000,1.03,0,0.00%
GOOGL,Alphabet Cl A,1.11508E+12,35.82,45.47,34343000000,1.03,0,0.00%
GPC,Genuine Parts Company,13687769000,18.4,5.09,621090000,1.1,3.16,3.33%
GPN,Global Payments Inc,53046808000,29.95,5.83,430610000,1.12,0.78,0.44%
GPS,Gap Inc,6550682000,0,-0.77,351000000,1.51,0,0.00%
GRMN,Garmin Ltd,19842750000,23.42,4.38,952490000,0.98,2.44,2.35%
GS,Goldman Sachs Group,71468024000,11.15,18.85,8466000000,1.44,5,2.41%
GWW,W.W. Grainger,19606278000,22.47,16.13,849000000,1.01,6.12,1.67%
HAL,Halliburton Company,14292706000,15.71,1.02,-1131000000,2.55,0.18,1.11%
HAS,Hasbro Inc,11090641000,21.98,3.67,520450000,0.94,2.72,3.36%
HBAN,Huntington Bcshs,9735656000,12.36,0.78,1411000000,1.51,0.6,6.27%
HBI,Hanesbrands Inc,5473091000,9.25,1.7,600720000,1.63,0.6,3.82%
HCA,Hca Holdings Inc,45969112000,14.69,9.15,3505000000,1.4,0,0.00%
HD,Home Depot,3.08179E+11,26.46,10.91,11242000000,1.06,6,2.10%
HES,Hess Corp,14417340000,0,-2.57,-408000000,2.21,1,2.13%
HFC,Hollyfrontier Corp,4181607000,10.23,2.44,772390000,1.66,1.4,5.42%
HIG,Hartford Financial Services Group,14868716000,7.56,5.49,2085000000,0.97,1.3,3.13%
HII,Huntington Ingalls Industries,6173411000,11.26,13.63,549000000,1.04,4.12,2.70%
HLT,Hilton Inc,25437556000,40.73,2.18,881000000,1.27,0,0.00%
HOLX,Hologic Inc,15634924000,23.85,2.58,-203600000,1.52,0,0.00%
HON,Honeywell International Inc,1.18166E+11,21.81,7.61,6143000000,1.02,3.6,2.14%
HPE,Hewlett Packard Enterprise Comp,12629161000,6.51,1.6,1049000000,1.3,0.48,4.88%
HPQ,HP Inc,28384648000,8.31,2.34,3152000000,0.96,0.7,3.55%
HRB,H&R Block,2871581000,17.36,0.85,-7530000,0.77,1.04,6.98%
HRL,Hormel Foods Corp,27281750000,30.01,1.71,978810000,-0.04,0.93,1.84%
HSIC,Henry Schein Inc,9485507000,23.65,2.81,694730000,1.03,0,0.00%
HST,Host Marriott Financial Trust,8244525000,15.52,0.12,920000000,1.25,0,0.00%
HSY,Hershey Foods Corp,31036882000,25.51,5.83,1149690000,0.2,3.22,2.16%
HUM,Humana Inc,53980832000,16.12,25.27,2707000000,0.86,2.5,0.61%
HWM,Howmet Aerospace Inc.,7854918000,8.5,2.05,470000000,1.55,0,0.00%
IBM,International Business Machines,1.11385E+11,10.92,11.41,9431000000,1.2,6.52,5.21%
ICE,Intercontinental Exchange,57348316000,24.08,4.36,1933000000,0.54,1.2,1.14%
IDXX,Idexx Laboratories,32659420000,73.02,5.29,427720000,0.85,0,0.00%
IEX,Idex Corp,13659004000,33.85,5.28,425520000,1.06,2,1.11%
IFF,International Flavors & Fragrances,13309950000,20.7,5.97,455870000,1.03,3,2.41%
ILMN,Illumina Inc,51684000000,59.61,5.89,1002000000,0.99,0,0.00%
INCY,Incyte Corp,20535838000,0,-0.89,446910000,1,0,0.00%
INFO,IHS Markit Ltd,34028196000,36.81,2.18,502700000,0.94,0.68,0.84%
INTC,Intel Corp,2.14479E+11,8.79,5.62,21048000000,0.68,1.32,2.62%
INTU,Intuit Inc,90255448000,51.88,4.81,1557000000,1.03,2.12,0.61%
IP,International Paper Company,14516924000,10.4,3.52,1225000000,1.3,2.05,5.55%
IPG,Interpublic Group of Companies,7229173000,10.76,1.71,656000000,1.04,1.02,5.50%
IPGP,Ipg Photonics Corp,8502478000,47.06,3.3,180230000,1.72,0,0.00%
IQV,Iqvia Holdings Inc,30836710000,28.71,5.52,191000000,1.33,0,0.00%
IR,Ingersoll Rand Inc.,14914029000,0,-0.24,159100000,1.47,0,0.00%
IRM,Iron Mountain Inc,8742411000,12.74,0.94,267380000,0.69,2.47,8.15%
ISRG,Intuitive Surg Inc,85079072000,74.59,9.51,1379300000,0.98,0,0.00%
IT,Gartner Inc,11732355000,30.54,4.28,233290000,1.45,0,0.00%
ITW,Illinois Tool Works Inc,63441272000,29.3,6.78,2521000000,1.16,4.28,2.13%
IVZ,Invesco Plc,4926851000,5.33,2.03,688300000,1.42,0.62,5.78%
J,Jacobs Engineering Group Inc,11648408000,16.71,5.33,847980000,0.94,0.76,0.85%
JBHT,J B Hunt Transport,14955618000,29.32,4.87,516320000,1.01,1.08,0.76%
JCI,Johnson Controls Intl,30729180000,18.02,2.27,5674000000,1.1,1.04,2.52%
JKHY,Jack Henry & Assoc,12836000000,42.97,3.86,296670000,0.57,1.72,1.03%
JNJ,Johnson & Johnson,4.04507E+11,19.19,7.97,15119000000,0.68,4.04,2.63%
JNPR,Juniper Networks,7981905000,20.76,1.15,345000000,0.98,0.8,3.33%
JPM,JP Morgan Chase & Company,3.13202E+11,13.81,7.41,36431000000,1.18,3.6,3.50%
K,Kellogg Company,24189508000,16.9,4.17,960000000,0.57,2.28,3.23%
KEY,Keycorp,12463520000,10.22,1.24,1717000000,1.49,0.74,5.79%
KEYS,Keysight Technologies Inc Comm,18204312000,23.09,4.14,621000000,1.06,0,0.00%
KHC,Kraft Heinz Company,42643556000,12.46,2.79,1935000000,1.01,1.6,4.59%
KIM,Kimco Realty Corp,5220323000,8.8,2.26,410610000,1.15,0,0.00%
KLAC,K L A-Tencor Corp,32430716000,19.77,10.34,1216790000,1.32,3.6,1.73%
KMB,Kimberly-Clark Corp,53373856000,19.82,7.88,2157000000,0.5,4.28,2.73%
KMI,Kinder Morgan,32096940000,15.57,0.89,2190000000,1.01,1.05,7.40%
KMX,Carmax Inc,17490116000,26.84,3.97,888430000,1.71,0,0.00%
KO,Coca-Cola Company,2.14042E+11,24.99,1.93,8920000000,0.55,1.64,3.29%
KR,Kroger Company,27460788000,13.39,2.7,1659000000,0.37,0.72,2.04%
KSS,Kohl's Corp,3415006000,0,-0.72,691000000,1.67,0,0.00%
KSU,Kansas City Southern,17383802000,26.56,6.87,538900000,0.96,1.6,0.87%
L,Loews Corp,10353992000,15.26,2.41,932000000,0.76,0.25,0.68%
LB,L Brands Inc,8204734000,25.8,1.16,-366000000,1.47,0,0.00%
LDOS,Leidos Holdings Inc,12983734000,16.34,5.61,667000000,1.1,1.36,1.49%
LEG,Leggett & Platt Inc,5492986000,20.46,2.01,333800000,1.6,1.6,3.86%
LEN,Lennar Corp,23708382000,11.42,6.64,1849050000,1.64,0.5,0.66%
LH,Laboratory Corp of America Holdings,17279736000,16.29,10.7,823800000,1.41,0,0.00%
LHX,L3Harris Technologies Inc,38891320000,16.38,11.06,1333000000,0.71,3.4,1.89%
LIN,Linde Plc,1.33216E+11,32.93,7.62,2285000000,0.77,3.85,1.52%
LKQ,LKQ Corp,9926038000,14.12,2.25,541260000,1.67,0,0.00%
LLY,Eli Lilly and Company,1.40926E+11,21.75,6.85,8318400000,0.21,2.96,2.01%
LMT,Lockheed Martin Corp,1.10584E+11,17.06,23.16,6230000000,0.93,9.6,2.43%
LNC,Lincoln National Corp,7225543000,4.72,7.84,886000000,2.25,1.6,4.28%
LNT,Alliant Energy Corp,13560661000,20.45,2.64,567400000,0.42,1.52,2.80%
LOW,Lowe's Companies,1.25082E+11,21.13,7.87,4281000000,1.45,2.2,1.33%
LRCX,Lam Research Corp,51082336000,21.41,15.95,2251750000,1.39,4.6,1.31%
LUV,Southwest Airlines Company,22892932000,0,-0.61,2300000000,1.17,0,0.00%
LVS,Las Vegas Sands,39839964000,91.87,0.55,2698000000,1.53,0,0.00%
LW,Lamb Weston Holdings Inc,9375592000,24.98,2.5,365900000,0.76,0.92,1.43%
LYB,Lyondellbasell Industries NV,22751128000,10.08,6.84,3397000000,1.53,4.2,6.16%
LYV,Live Nation Entertainment,12755041000,0,-3.78,69890000,1.11,0,0.00%
MA,Mastercard Inc,3.66508E+11,48.77,7.3,8118000000,1.06,1.6,0.44%
MAA,Mid-America Apartment Communities,13399002000,18.13,2.99,353810000,0.67,4,3.41%
MAR,Marriot Int Cl A,34461712000,38.27,2.66,1273000000,1.56,0,0.00%
MAS,Masco Corp,15310084000,23.17,2.52,935000000,1.5,0.54,0.92%
MCD,McDonald's Corp,1.59915E+11,34.17,6.21,6025400000,0.65,5,2.33%
MCHP,Microchip Technology,27900992000,20.66,5.2,570600000,1.57,1.47,1.33%
MCK,Mckesson Corp,24956176000,10.68,14.45,900000000,0.82,1.64,1.07%
MCO,Moody's Corp,55257004000,30.15,9.69,1422000000,1.17,2.24,0.76%
MDLZ,Mondelez Intl Inc,83286392000,22.62,2.57,3870000000,0.62,1.14,1.96%
MDT,Medtronic Inc,1.44887E+11,27.05,4.59,4789000000,0.67,2.32,2.15%
MET,Metlife Inc,35780036000,6.9,5.66,5899000000,1.33,1.84,4.67%
MGM,MGM Resorts International,11769685000,0,-1.58,2046430000,2.12,0.01,0.04%
MHK,Mohawk Industries,6858214000,13.79,7.03,744210000,1.43,0,0.00%
MKC,Mccormick & Company Inc,27256096000,36.56,5.62,702700000,0.39,2.48,1.21%
MKTX,Marketaxess Holdings,18392498000,71.91,6.9,204900000,0.62,2.4,0.50%
MLM,Martin Marietta Materials,12909610000,21.01,9.95,611900000,0.88,2.2,1.06%
MMC,Marsh & Mclennan Companies,57744304000,23.31,4.92,1742000000,0.91,1.86,1.63%
MMM,3M Company,95423312000,19.37,8.47,4570000000,0.95,5.88,3.55%
MNST,Monster Beverage Cp,44586060000,39.13,2.13,1107840000,1.07,0,0.00%
MO,Altria Group,81639376000,10.22,4.28,-1293000000,0.43,3.36,7.65%
MOS,Mosaic Company,7168592000,0,-0.16,-1067400000,1.73,0.2,1.06%
MPC,Marathon Petroleum Corp,24134278000,20.58,1.7,2637000000,2.18,2.32,6.26%
MRK,Merck & Company,2.1663E+11,15.49,5.54,9843000000,0.48,2.44,2.85%
MRO,Marathon Oil Corp,4255076000,0,-0.55,480000000,3.31,0,0.00%
MS,Morgan Stanley,83394888000,9.67,5.44,9042000000,1.49,1.4,2.65%
MSCI,MSCI Inc,31253476000,52.69,7.02,563650000,0.95,3.12,0.83%
MSFT,Microsoft Corp,1.73231E+12,39.41,5.75,44281000000,0.9,2.04,0.89%
MSI,Motorola Solutions,26075888000,20.8,7.3,868000000,0.63,2.56,1.67%
MTB,M&T Bank Corp,13648990000,9.82,10.78,1929150000,1.2,4.4,4.14%
MTD,Mettler-Toledo International,23109712000,42.41,22.84,561110000,1.12,0,0.00%
MU,Micron Technology,50761544000,21.66,2.06,6313000000,1.48,0,0.00%
MXIM,Maxim Integrated,18727324000,30.85,2.27,654690000,1.33,1.92,2.73%
MYL,Mylan NV Ord Shs,8390050000,3.53,4.58,16800000,1.53,0,0.00%
NBL,Noble Energy Inc,4884049000,0,-0.21,-1512000000,2.61,0.08,0.79%
NCLH,Norwegian Cruise Ord,4875700000,0,-0.81,930230000,2.62,0,0.00%
NDAQ,Nasdaq Inc,21655772000,23.54,5.6,774000000,0.76,1.96,1.49%
NEE,Nextera Energy,1.36881E+11,31.62,8.82,3769000000,0.26,5.6,2.00%
NEM,Newmont Mining Corp,53572864000,40.99,1.58,2805000000,0.41,1,1.50%
NFLX,Netflix Inc,2.31043E+11,88.75,5.93,1866920000,0.94,0,0.00%
NI,NiSource Inc,8560564000,16.55,1.34,383100000,0.31,0.84,3.76%
NKE,Nike Inc,1.7516E+11,60.57,1.83,2539000000,0.77,0.98,0.87%
NLOK,Nortonlifelock Inc.,14213621000,28.44,0.85,3887000000,0.9,0.5,2.08%
NLSN,Nielsen Holdings Plc,5561795000,10.26,1.49,-415000000,1.2,0.24,1.54%
NOC,Northrop Grumman Corp,57474656000,15.68,22.26,2248000000,0.78,5.8,1.68%
NOV,National-Oilwell,4783659000,0,-0.41,-6095000000,1.77,0,0.00%
NOW,Servicenow Inc,93573472000,400.46,1.2,626700000,1.33,0,0.00%
NRG,NRG Energy,8371493000,7.96,4.24,4438000000,1.06,1.2,3.50%
NSC,Norfolk Southern Corp,59225712000,23.04,9.24,2722000000,1.38,3.76,1.75%
NTAP,Netapp Inc,10151262000,12.4,3.51,819000000,1.27,1.92,4.20%
NTRS,Northern Trust Corp,17461084000,13.17,6.4,1492200000,1.06,2.8,3.34%
NUE,Nucor Corp,13884151000,16.44,2.77,1271140000,1.41,1.61,3.50%
NVDA,Nvidia Corp,3.24486E+11,82.14,6.15,2796000000,1.35,0.64,0.12%
NVR,NVR Inc,15576621000,20.28,207.98,878540000,1.05,0,0.00%
NWL,Newell Rubbermaid Inc,6882146000,10.51,1.54,106600000,1.04,0.92,5.67%
NWS,News Cp Cl B,8970630000,68.27,0.22,-1269000000,1.49,0.2,1.31%
NWSA,News Cp Cl A,8979459000,68.45,0.22,-1269000000,1.47,0.2,1.31%
O,Realty Income Corp,21889276000,18.22,1.47,436480000,0.64,2.8,4.42%
ODFL,Old Dominion Freight Line Inc.,23503748000,40.41,4.93,615520000,1.06,0.6,0.30%
OKE,Oneok Inc,12473192000,10.17,2.66,1278580000,2.09,3.74,13.32%
OMC,Omnicom Group Inc,11841431000,10.33,5.32,1339100000,0.7,2.6,4.72%
ORCL,Oracle Corp,1.77615E+11,16.34,3.5,10135000000,0.86,0.96,1.66%
ORLY,O'Reilly Automotive,34288396000,22.68,20.4,1391040000,1.1,0,0.00%
OTIS,Otis Worldwide Corp [Otis/I],27539496000,0,1.16,1116000000,N/A,0.8,1.26%
OXY,Occidental Petroleum Corp,12212765000,0,-2.47,-667000000,1.87,0.04,0.30%
OXY.W,Occidental Petroleum Corp Wts [Oxy/W/I],N/A,N/A,N/A,0,N/A,N/A,0.00%
PAYC,Paycom Software Inc,17550536000,101.74,2.88,180580000,1.48,0,0.00%
PAYX,Paychex Inc,27736508000,25.6,2.99,1098100000,0.91,2.48,3.21%
PBCT,People's United Finl,4540866000,8.38,1.28,520400000,1.24,0.72,6.74%
PCAR,Paccar Inc,29938424000,18.21,4.74,2387900000,1.16,1.28,1.48%
PEAK,Healthpeak Properties Inc.,15320558000,16.21,0.63,45530000,0.65,1.48,5.20%
PEG,Public Service Enterprise Group Inc,26380232000,15.2,3.44,1693000000,0.6,1.96,3.76%
PEP,Pepsico Inc,1.93766E+11,25.63,5.4,7314000000,0.58,4.09,2.92%
PFE,Pfizer Inc,2.10661E+11,13.15,2.88,16273000000,0.74,1.52,4.01%
PFG,Principal Financial Group Inc,12169429000,8.45,5.25,1394200000,1.6,2.24,5.05%
PG,Procter & Gamble Company,3.44994E+11,26.99,5.12,13027000000,0.46,3.16,2.28%
PGR,Progressive Corp,54839992000,13.37,6.98,3970300000,0.54,0.4,0.43%
PH,Parker-Hannifin Corp,27058442000,19.29,10.77,1206340000,1.63,3.52,1.67%
PHM,Pultegroup,12153828000,11.32,4.04,1016700000,1.43,0.48,1.06%
PKG,Packaging Corp of America,9698774000,15.68,6.51,696400000,1.21,3.16,3.09%
PKI,Perkinelmer,13072292000,24.62,4.65,227560000,1.43,0.28,0.24%
PLD,Prologis Inc,75716328000,27.17,2.56,1572960000,0.97,2.32,2.26%
PM,Philip Morris International Inc,1.25735E+11,15.53,5.15,7185000000,0.78,4.68,5.80%
PNC,PNC Bank,47692912000,18.88,5.96,5369000000,1.27,4.6,4.09%
PNR,Pentair Ltd,7605268000,19.83,2.3,355700000,1.41,0.76,1.66%
PNW,Pinnacle West Capital Corp,8270688000,13.77,5.32,538320000,0.38,3.13,4.26%
PPG,PPG Industries,28817512000,23.41,5.16,1243000000,1.26,2.16,1.77%
PPL,PPL Corp,21310692000,11.52,2.4,1746000000,0.73,1.66,5.99%
PRGO,Perrigo Company,7208873000,12.27,4.27,146100000,1.16,0.9,1.70%
PRU,Prudential Financial Inc,27507800000,7.14,9.72,4186000000,1.68,4.4,6.32%
PSA,Public Storage,37309952000,19.91,7,1520530000,0.12,8,3.75%
PSX,Phillips 66,26983508000,12.22,4.93,3076000000,1.51,3.6,5.83%
PVH,Phillips-Van Heusen Corp,4066273000,13.59,4.05,417300000,2.03,0,0.00%
PWR,Quanta Services,7092899000,17.35,2.94,402040000,1.13,0.2,0.39%
PXD,Pioneer Natural Resources Company,17347544000,20.34,5.18,756000000,1.74,2.2,2.08%
PYPL,Paypal Holdings,2.39916E+11,89.23,2.29,2459000000,1.21,0,0.00%
QCOM,Qualcomm Inc,1.33361E+11,43.62,2.66,4386000000,1.37,2.6,2.20%
QRVO,Qorvo Inc,14770715000,21.62,5.88,334330000,1.48,0,0.00%
RCL,Royal Caribbean Cruises Ltd,15052520000,0,-1.92,1878890000,2.42,0,0.00%
RE,Everest Re Group,8860593000,17.48,12.69,1009460000,0.47,6.2,2.80%
REG,Regency Centers Corp,6861334000,11.35,0.54,239430000,0.88,2.38,5.89%
REGN,Regeneron Pharmaceuticals,64112876000,25.02,24.58,2115800000,0.56,0,0.00%
RF,Regions Financial Corp,11243544000,16.48,0.71,1582000000,1.65,0.62,5.29%
RHI,Robert Half International Inc,6189144000,16.92,3.19,454430000,1.54,1.36,2.52%
RJF,Raymond James Financial,10522916000,12.14,6.32,1034000000,1.36,1.48,1.93%
RL,Ralph Lauren Corp,5200073000,23.45,2.91,384300000,1.26,0,0.00%
RMD,Resmed Inc,26115508000,37.96,4.76,621670000,0.51,1.56,0.87%
ROK,Rockwell Automation Inc,27051622000,29.67,7.82,695800000,1.48,4.08,1.75%
ROL,Rollins Inc,18033300000,74.57,0.74,203350000,0.51,0.32,0.58%
ROP,Roper Industries,45044576000,33.79,12.67,1767900000,1.09,2.05,0.48%
ROST,Ross Stores Inc,33396162000,48.07,1.89,1660930000,0.79,0,0.00%
RSG,Republic Services,29594370000,27.26,3.4,1073300000,0.62,1.62,1.74%
RTX,Raytheon Technologies Corp.,95081248000,9.62,6.33,5537000000,1.22,1.9,3.05%
SBAC,SBA Communications,34274604000,34.37,-0.16,146990000,0.41,1.86,0.61%
SBUX,Starbucks Corp,99365000000,61.79,1.35,3599200000,0.78,1.64,1.93%
SCHW,The Charles Schwab Corp,46751928000,14.37,2.51,3704000000,1.21,0.72,1.98%
SEE,Sealed Air Corp,6364035000,13.97,2.91,263000000,1.19,0.64,1.57%
SHW,Sherwin-Williams Company,61541604000,30.4,22.1,1541300000,1.24,5.36,0.79%
SIVB,Svb Financial Group,13199572000,14.67,17.18,1136860000,2.22,0,0.00%
SJM,J.M. Smucker Company,13648952000,12.66,8.76,779500000,0.13,3.6,3.01%
SLB,Schlumberger N.V.,26956942000,16.7,1.12,-10137000000,2.07,0.5,2.57%
SLG,SL Green Realty Corp,3582706000,6.66,2.83,281350000,1.56,3.54,7.24%
SNA,Snap-On Inc,8188416000,13.99,10.55,693500000,1.36,4.32,2.87%
SNPS,Synopsys Inc,33310240000,53.76,4.04,532370000,1.16,0,0.00%
SO,Southern Company,55362384000,16.47,3.17,4754000000,0.42,2.56,4.88%
SPG,Simon Property Group,22388118000,6.19,5.69,2101580000,1.28,5.2,7.45%
SPGI,S&P Global Inc,88406032000,32.73,11.12,2123000000,1.05,2.68,0.73%
SRE,Sempra Energy,35382284000,15.89,7.78,2198000000,0.72,4.18,3.42%
STE,Steris Corp,13407755000,27.44,5.72,407610000,0.77,1.6,1.01%
STT,State Street Corp,24705572000,9.84,7.04,2242000000,1.5,2.08,2.97%
STX,Seagate Tech Ord Shs,11997729000,9.75,4.67,1004000000,0.98,2.6,5.58%
STZ,Constellation Brands Inc,35746564000,19.81,9.22,-11800000,0.9,3,1.62%
SWK,Stanley Black & Decker Inc,26430568000,22.43,7.11,955800000,1.55,2.76,1.67%
SWKS,Skyworks Solutions,23989710000,27.69,5.06,853600000,1.29,2,1.39%
SYF,Synchrony Financial,15049205000,8.64,2.96,3747000000,1.64,0.88,3.41%
SYK,Stryker Corp,74294656000,28.52,6.88,2083000000,0.85,2.3,1.16%
SYY,Sysco Corp,31473292000,30.17,1.99,215480000,1.08,1.8,2.91%
T,AT&T Inc,2.14035E+11,8.54,3.5,13903000000,0.71,2.08,6.92%
TAP,Molson Coors Brewing Company,8210005000,8.54,4.4,241700000,0.87,0,0.00%
TDG,Transdigm Group Inc,27469976000,31.03,16.06,889770000,1.42,0,0.00%
TDY,Teledyne Technologies Inc,11664925000,30.78,10.45,402300000,1,0,0.00%
TEL,Te Connectivity Ltd,32323922000,21.59,4.42,1844000000,1.34,1.92,1.96%
TFC,Truist Financial Corp.,53351840000,10.11,3.88,3224000000,1.42,1.8,4.55%
TFX,Teleflex Inc,17909586000,34.89,10.9,461470000,0.99,1.36,0.35%
TGT,Target Corp,75427272000,21.41,7.02,3281000000,0.79,2.72,1.80%
TIF,Tiffany & Company,15032466000,55.01,3.04,541100000,0.99,2.32,1.87%
TJX,TJX Companies,65991040000,94.16,0.57,3272190000,0.71,0,0.00%
TMO,Thermo Fisher Scientific Inc,1.6792E+11,31.57,13.32,3696000000,1.07,0.88,0.21%
TMUS,T-Mobile US,1.43908E+11,29.78,3.87,3468000000,0.3,0,0.00%
TPR,Tapestry Inc,4110466000,15.19,0.98,-652100000,1.32,0,0.00%
TROW,T Rowe Price Group,31576022000,16.6,8.32,2131300000,1.18,3.6,2.59%
TRV,The Travelers Companies Inc,29342304000,16.34,7.17,2622000000,0.86,3.4,2.93%
TSCO,Tractor Supply Company,17074468000,25.77,5.86,562350000,1.04,1.6,1.09%
TSN,Tyson Foods,23327150000,12.69,5.04,2022000000,0.64,1.68,2.63%
TT,Trane Technologies Plc,28794288000,23.36,5.09,1410900000,1.45,2.12,1.76%
TTWO,Take-Two Interacti,19558828000,28.64,6.03,404460000,0.62,0,0.00%
TWTR,Twitter Inc,32484276000,0,-1.31,1465660000,0.88,0,0.00%
TXN,Texas Instruments,1.31429E+11,26.55,5.33,5017000000,1.11,3.6,2.51%
TXT,Textron Inc,9114559000,15.48,2.54,815000000,1.67,0.08,0.20%
TYL,Tyler Technologies,13586570000,82.82,4.11,146530000,0.76,0,0.00%
UA,Under Armour Inc Cl C,4154011000,0,-0.32,92140000,1.57,0,0.00%
UAA,Under Armour,4613043000,0,-0.32,92140000,1.19,0,0.00%
UAL,United Airlines Holdings Inc,10865342000,0,-5.14,3009000000,1.42,0,0.00%
UDR,United Dominion Realty Trust,10353901000,16.63,0.62,184970000,0.59,1.44,4.10%
UHS,Universal Health Services,9567970000,11.86,9.44,814850000,1.11,0,0.00%
ULTA,Ulta Beauty Inc,13347070000,39.36,7.72,705950000,1.4,0,0.00%
UNH,Unitedhealth Group Inc,2.98757E+11,16.74,18.62,13839000000,0.71,5,1.59%
UNM,Unumprovident Corp,3869619000,3.52,5.35,1100300000,1.7,1.14,6.00%
UNP,Union Pacific Corp,1.32462E+11,24.12,8.06,5919000000,1.05,3.88,1.99%
UPS,United Parcel Service,1.40178E+11,21.48,7.46,4440000000,0.94,4.04,2.49%
URI,United Rentals,13156762000,9.63,18.59,1174000000,2.27,0,0.00%
USB,U.S. Bancorp,56036704000,10.99,3.36,6914000000,1.14,1.68,4.52%
V,Visa Inc,4.18991E+11,39.22,5.38,12080000000,0.88,1.2,0.56%
VAR,Varian Medical Systems,15710058000,43.04,4,291900000,1.12,0,0.00%
VFC,V.F. Corp,26472752000,32.98,2.02,679450000,1.18,1.92,2.83%
VIAC,Viacomcbs Inc. Cl B,17242904000,6.57,4.3,3308000000,1.89,0.96,3.43%
VLO,Valero Energy Corp,22381780000,19.79,2.7,2422000000,1.9,3.92,7.14%
VMC,Vulcan Materials Company,16276532000,25.69,4.83,617660000,0.79,1.36,1.11%
VNO,Vornado Realty Trust,7103171000,12.09,0.56,3147940000,1.33,2.12,5.71%
VRSK,Verisk Analytics Inc,30423018000,39.62,4.71,449900000,0.73,1.08,0.58%
VRSN,Verisign Inc,23905710000,30.84,6.74,612300000,0.87,0,0.00%
VRTX,Vertex Pharmaceutic,70315672000,39.88,6.88,1176810000,0.88,0,0.00%
VTR,Ventas Inc,15938320000,11.49,1.09,433020000,1.06,1.8,4.21%
VZ,Verizon Communications Inc,2.45221E+11,12.33,4.82,19265000000,0.46,2.46,4.15%
WAB,Wabtec Corp,12767226000,16.94,3.91,326700000,1.51,0.48,0.72%
WAT,Waters Corp,13464568000,25.15,8.58,592200000,0.99,0,0.00%
WBA,Walgreens Boots Alliance,33586856000,7.64,5.15,3982000000,0.51,1.87,4.82%
WDC,Western Digital Cp,11340685000,16.7,2.11,-250000000,1.56,0,0.00%
WEC,Wisconsin Energy Corp,29531024000,24.96,3.7,1135200000,0.19,2.53,2.70%
WELL,Welltower Inc,24808544000,14.55,3.51,1232430000,0.83,2.44,4.10%
WFC,Wells Fargo & Company,1.01724E+11,20.49,1.2,19549000000,1.11,0.4,1.62%
WHR,Whirlpool Corp,11143150000,12.84,13.85,1184000000,2.05,4.8,2.68%
WLTW,Willis Towers WT,26500938000,18.11,11.35,1044000000,0.81,2.72,1.32%
WM,Waste Management,48164780000,27.27,4.19,1670000000,0.73,2.18,1.91%
WMB,Williams Companies,25569668000,20.75,1.01,850000000,1.78,1.6,7.59%
WMT,Wal-Mart Stores,3.97568E+11,25.88,5.28,14881000000,0.31,2.16,1.54%
WRB,W.R. Berkley Corp,11214251000,27.37,2.31,681940000,0.84,0.48,0.76%
WRK,Westrock Company,8064294000,9.49,3.25,862900000,1.44,0.8,2.58%
WST,West Pharmaceutical Services,20054478000,70.78,3.87,241700000,1.17,0.64,0.24%
WU,Western Union Company,9847656000,13.87,1.72,1058300000,0.92,0.9,3.76%
WY,Weyerhaeuser Company,23052188000,75.4,0.4,-76000000,1.95,0,0.00%
WYNN,Wynn Resorts Ltd,9873484000,0,-10.13,122990000,2.41,0,0.00%
XEL,XCEL Energy Inc,36064728000,25.7,2.67,1372000000,0.29,1.72,2.51%
XLNX,Xilinx Inc,25630982000,34.01,3.05,792720000,0.98,1.52,1.45%
XOM,Exxon Mobil Corp,1.72047E+11,43.2,0.92,14340000000,1.29,3.48,8.55%
XRAY,Dentsply Sirona Inc,9902239000,28.86,1.55,262900000,1.03,0.4,0.88%
XRX,Xerox Corp,4160164000,6.9,2.77,1353000000,1.63,1,5.12%
XYL,Xylem Inc,14753039000,34.71,2.34,401000000,1.06,1.04,1.27%
YUM,Yum! Brands,29371428000,29.29,3.26,1294000000,0.95,1.88,1.93%
ZBH,Zimmer Biomet Holdings,29332772000,24.15,5.82,1131600000,1.34,0.96,0.68%
ZBRA,Zebra Technologies,14943735000,24.51,11.31,544000000,1.68,0,0.00%
ZION,Zions Bancorp,5414653000,12.38,2.69,816000000,1.65,1.36,4.12%
ZTS,Zoetis Inc Cl A,76023200000,43.14,3.7,1500000000,0.8,0.8,0.50%
Downloaded from Barchart.com as of 08-30-2020 08:35am CDT,,,,,,,,